Vencimento;Código;Parc.;Beneficiado;CPF/CNPJ;Descrição;Numero doc.;Doc.;Plano de Contas;Sit.;Emissão;Pagamento;Atraso;Valor;Acresc./Desc.;Total;C.Custo
07/05/2025;3557;4;MAGNUM DISTRIBUIDORA DE PNEUS S/A;19.403.406/0016-20;Compra 1286/4 - 21055;21055-004;BOL;2300.0001 - Fornecimento de Peças;A;08/01/2025;;338;4.148,00;0,00;4.148,00;
30/05/2025;6481;1;MAGNUM DISTRIBUIDORA DE PNEUS S/A;19.403.406/0032-40;Compra Magnum;2162604;BOL;3000.0001 - Fornecimento de Peças;A;28/01/2026;;315;2.803,50;0,00;2.803,50;
09/06/2025;4345;2;CEDEP COMERCIO LTDA (AV);14.076.889/0007-90;Compra 1722/2 - 252274;252274-2;BOL;2300.0001 - Fornecimento de Peças;A;11/04/2025;;305;2.961,24;0,00;2.961,24;
27/06/2025;4413;2;CEDEP COMERCIO LTDA (AV);14.076.889/0007-90;Compra 1773/2 - 253060;253060-2;BOL;2300.0001 - Fornecimento de Peças;A;29/04/2025;;287;2.257,33;0,00;2.257,33;
29/06/2025;4289;3;CEDEP COMERCIO LTDA (AV);14.076.889/0007-90;Compra 1679/3 - 251604;251604-3;BOL;2300.0001 - Fornecimento de Peças;A;01/04/2025;;285;1.481,33;0,00;1.481,33;
09/07/2025;4345;3;CEDEP COMERCIO LTDA (AV);14.076.889/0007-90;Compra 1722/3 - 252274;252274-3;BOL;2300.0001 - Fornecimento de Peças;A;11/04/2025;;275;2.961,24;0,00;2.961,24;
10/07/2025;4346;3;CEDEP COMERCIO LTDA (AV);14.076.889/0007-90;Compra 1724/3 - 252331;252331-3;BOL;2300.0001 - Fornecimento de Peças;A;12/04/2025;;274;864,79;0,00;864,79;
19/07/2025;4604;2;CEDEP COMERCIO LTDA (AV);14.076.889/0007-90;Compra 1839/2 - 254195;254195-2;BOL;2300.0001 - Fornecimento de Peças;A;21/05/2025;;265;391,63;0,00;391,63;
27/07/2025;4413;3;CEDEP COMERCIO LTDA (AV);14.076.889/0007-90;Compra 1773/3 - 253060;253060-3;BOL;2300.0001 - Fornecimento de Peças;A;29/04/2025;;257;2.257,33;0,00;2.257,33;
31/08/2025;5271;1;DMEC DISTRIBUIDORA DE PECAS EIRELI ME;10.443.284/0001-44;DMEC;777801/1;BOL;2300.0001 - Fornecimento de Peças;A;06/08/2025;;222;370,99;0,00;370,99;
12/09/2025;5065;2;DMEC DISTRIBUIDORA DE PECAS EIRELI ME;10.443.284/0001-44;Compra 2008/2 - 77181;77181/2;BOL;2300.0001 - Fornecimento de Peças;A;14/07/2025;;210;507,54;0,00;507,54;
14/09/2025;5085;2;DMEC DISTRIBUIDORA DE PECAS EIRELI ME;10.443.284/0001-44;Compra 2016/2 - 77270;87064/2;BOL;2300.0001 - Fornecimento de Peças;A;17/07/2025;;208;308,37;0,00;308,37;
15/09/2025;4620;1;EMPRESA NACIONAL DOS COMERCIAN;25.187.746/0001-87;Mensalidade Rede Ancora;62428;BOL;2100.0005 - Sistema de Gestão;A;22/05/2025;;207;1.792,04;0,00;1.792,04;
16/09/2025;5089;2;DMEC DISTRIBUIDORA DE PECAS EIRELI ME;10.443.284/0001-44;Compra 2018/2 - 77293;77293/2;BOL;2300.0001 - Fornecimento de Peças;A;17/07/2025;;206;402,45;0,00;402,45;
16/09/2025;5136;2;DMEC DISTRIBUIDORA DE PECAS EIRELI ME;10.443.284/0001-44;Compra 2035/2 - 77369;77369/2;BOL;2300.0001 - Fornecimento de Peças;A;22/07/2025;;206;553,87;0,00;553,87;
19/09/2025;5139;2;DMEC DISTRIBUIDORA DE PECAS EIRELI ME;10.443.284/0001-44;Compra 2037/2 - 77393;77393/2;BOL;2300.0001 - Fornecimento de Peças;A;22/07/2025;;203;475,42;0,00;475,42;
20/09/2025;5155;2;DMEC DISTRIBUIDORA DE PECAS EIRELI ME;10.443.284/0001-44;Compra 2048/2 - 77441;77441/2;BOL;2300.0001 - Fornecimento de Peças;A;23/07/2025;;202;389,29;0,00;389,29;
22/09/2025;5197;2;DMEC DISTRIBUIDORA DE PECAS EIRELI ME;10.443.284/0001-44;Compra 2059/2 - 77559;77559/2;BOL;2300.0001 - Fornecimento de Peças;A;30/07/2025;;200;435,22;0,00;435,22;
23/09/2025;4912;1;AUTOFEIRA COMERCIO DE PECAS LTDA;58.327.604/0001-27;AUTOFEIRA ( DISMEC );86224/3;BOL;2300.0001 - Fornecimento de Peças;A;25/06/2025;;199;663,45;0,00;663,45;
24/09/2025;4959;3;DMEC DISTRIBUIDORA DE PECAS EIRELI ME;10.443.284/0001-44;Compra 1961/3 - 76750;76750/3;BOL;2300.0001 - Fornecimento de Peças;A;02/07/2025;;198;575,09;0,00;575,09;
28/09/2025;4967;3;DMEC DISTRIBUIDORA DE PECAS EIRELI ME;10.443.284/0001-44;Compra 1971/3 - 76835;76835/3;BOL;2300.0001 - Fornecimento de Peças;A;02/07/2025;;194;415,68;0,00;415,68;
28/09/2025;5665;1;SSA DISTRIBUIDORA DE BATERIAS LTDA;13.413.366/0001-34;Compra 2186/1 - 103800;103800/1;BOL;2300.0001 - Fornecimento de Peças;A;05/09/2025;;194;861,92;0,00;861,92;
29/09/2025;5278;2;SSA DISTRIBUIDORA DE BATERIAS LTDA;13.413.366/0001-34;Compra 2086/2 - 102704;102704/2;BOL;2300.0001 - Fornecimento de Peças;A;06/08/2025;;193;2.859,34;0,00;2.859,34;
30/09/2025;5272;1;DMEC DISTRIBUIDORA DE PECAS EIRELI ME;10.443.284/0001-44;DMEC;777801/2;BOL;2300.0001 - Fornecimento de Peças;A;06/08/2025;;192;370,99;0,00;370,99;
02/10/2025;4993;3;DMEC DISTRIBUIDORA DE PECAS EIRELI ME;10.443.284/0001-44;Compra 1976/3 - 76955;76955/3;BOL;2300.0001 - Fornecimento de Peças;A;07/07/2025;;190;721,13;0,00;721,13;
03/10/2025;5263;1;AUTOFEIRA COMERCIO DE PECAS LTDA;58.327.604/0001-27;DISMEC;87837/2;BOL;2300.0001 - Fornecimento de Peças;A;05/08/2025;;189;479,01;0,00;479,01;
06/10/2025;5034;3;DMEC DISTRIBUIDORA DE PECAS EIRELI ME;10.443.284/0001-44;Compra 1994/3 - 77016;77016/3;BOL;2300.0001 - Fornecimento de Peças;A;10/07/2025;;186;477,44;0,00;477,44;
07/10/2025;5028;3;DMEC DISTRIBUIDORA DE PECAS EIRELI ME;10.443.284/0001-44;Compra 1987/3 - 77074;77074/3;BOL;2300.0001 - Fornecimento de Peças;A;10/07/2025;;185;516,84;0,00;516,84;
08/10/2025;5039;3;DMEC DISTRIBUIDORA DE PECAS EIRELI ME;10.443.284/0001-44;Compra 1998/3 - 77088;77088/3;BOL;2300.0001 - Fornecimento de Peças;A;11/07/2025;;184;632,92;0,00;632,92;
09/10/2025;5051;3;DMEC DISTRIBUIDORA DE PECAS EIRELI ME;10.443.284/0001-44;Compra 2006/3 - 77173;77173/3;BOL;2300.0001 - Fornecimento de Peças;A;14/07/2025;;183;428,26;0,00;428,26;
12/10/2025;5065;3;DMEC DISTRIBUIDORA DE PECAS EIRELI ME;10.443.284/0001-44;Compra 2008/3 - 77181;77181/3;BOL;2300.0001 - Fornecimento de Peças;A;14/07/2025;;180;507,23;0,00;507,23;
15/10/2025;5089;3;DMEC DISTRIBUIDORA DE PECAS EIRELI ME;10.443.284/0001-44;Compra 2018/3 - 77293;77293/3;BOL;2300.0001 - Fornecimento de Peças;A;17/07/2025;;177;402,21;0,00;402,21;
16/10/2025;5136;3;DMEC DISTRIBUIDORA DE PECAS EIRELI ME;10.443.284/0001-44;Compra 2035/3 - 77369;77369/3;BOL;2300.0001 - Fornecimento de Peças;A;22/07/2025;;176;553,54;0,00;553,54;
22/10/2025;5197;3;DMEC DISTRIBUIDORA DE PECAS EIRELI ME;10.443.284/0001-44;Compra 2059/3 - 77559;77559/3;BOL;2300.0001 - Fornecimento de Peças;A;30/07/2025;;170;434,96;0,00;434,96;
26/10/2025;5882;1;SSA DISTRIBUIDORA DE BATERIAS LTDA;13.413.366/0001-34;Compra 2260/1 - 104848;104848/1;BOL;2300.0001 - Fornecimento de Peças;A;01/10/2025;;166;881,26;0,00;881,26;
28/10/2025;5665;2;SSA DISTRIBUIDORA DE BATERIAS LTDA;13.413.366/0001-34;Compra 2186/2 - 103800;103800/2;BOL;2300.0001 - Fornecimento de Peças;A;05/09/2025;;164;861,91;0,00;861,91;
29/10/2025;5278;3;SSA DISTRIBUIDORA DE BATERIAS LTDA;13.413.366/0001-34;Compra 2086/3 - 102704;102704/3;BOL;2300.0001 - Fornecimento de Peças;A;06/08/2025;;163;2.860,19;0,00;2.860,19;
02/11/2025;5264;1;AUTOFEIRA COMERCIO DE PECAS LTDA;58.327.604/0001-27;DISMEC;87837/3;BOL;2300.0001 - Fornecimento de Peças;A;05/08/2025;;159;478,72;0,00;478,72;
15/11/2025;4622;1;EMPRESA NACIONAL DOS COMERCIAN;25.187.746/0001-87;Mensalidade Rede Ancora;62428;BOL;2100.0005 - Sistema de Gestão;A;22/05/2025;;146;1.792,04;0,00;1.792,04;
17/01/2026;193;1;CAIXA ECONOMICA FEDERAL;;CREDITO EMPRESA PARCELADO-POS;03.0077.606.0000171-19;OUT;2100.0010 - Empréstimos Bancários;A;12/04/2024;;83;8.524,27;0,00;8.524,27;
28/01/2026;219;1;CAIXA ECONOMICA FEDERAL;;GIROCAIXA PRONAMPE PJ-2022 e 2023;0000000001894111;OUT;2100.0010 - Empréstimos Bancários;A;12/04/2024;;72;4.197,11;0,00;4.197,11;
06/02/2026;6288;1;INTERBAHIA ACUMULADORES LTDA;05.697.301/0001-30;Compra 2559/1 - 128878;128878 1/4;BOL;3000.0001 - Fornecimento de Peças;A;05/01/2026;;63;2.100,63;0,00;2.100,63;
11/02/2026;6320;1;MOTOR FLEX DISTRIBUIDORA DE AUTO PECAS LTDA;18.465.593/0001-27;Compra 2578/1 - 9154;9154/01;BOL;3000.0001 - Fornecimento de Peças;A;13/01/2026;;58;2.066,53;0,00;2.066,53;
12/02/2026;6453;1;MOTOR FLEX DISTRIBUIDORA DE AUTO PECAS LTDA;18.465.593/0001-27;Compra 2594/1 - 9169;9169/01;BOL;3000.0001 - Fornecimento de Peças;A;15/01/2026;;57;731,16;0,00;731,16;
16/02/2026;6260;2;MOTOR FLEX DISTRIBUIDORA DE AUTO PECAS LTDA;18.465.593/0001-27;Compra 2528/2 - 9024;9024/02;BOL;3000.0001 - Fornecimento de Peças;A;20/12/2025;;53;2.010,24;0,00;2.010,24;
16/02/2026;6454;1;MOTOR FLEX DISTRIBUIDORA DE AUTO PECAS LTDA;18.465.593/0001-27;Compra 2595/1 - 9156;9156/01;BOL;3000.0001 - Fornecimento de Peças;A;15/01/2026;;53;1.233,34;0,00;1.233,34;
17/02/2026;194;1;CAIXA ECONOMICA FEDERAL;;CREDITO EMPRESA PARCELADO-POS;03.0077.606.0000171-19;OUT;2100.0010 - Empréstimos Bancários;A;12/04/2024;;52;8.524,27;0,00;8.524,27;
28/02/2026;220;1;CAIXA ECONOMICA FEDERAL;;GIROCAIXA PRONAMPE PJ-2022 e 2023;0000000001894111;OUT;2100.0010 - Empréstimos Bancários;A;12/04/2024;;41;4.197,11;0,00;4.197,11;
01/03/2026;6488;1;MOTOR FLEX DISTRIBUIDORA DE AUTO PECAS LTDA;18.465.593/0001-27;Compra 2661/1 - 9331;9331/01;BOL;3000.0001 - Fornecimento de Peças;A;02/02/2026;;40;3.629,86;0,00;3.629,86;
02/03/2026;6218;3;MOTOR FLEX DISTRIBUIDORA DE AUTO PECAS LTDA;18.465.593/0001-27;Compra 2476/3 - 8881;8881/03;BOL;3000.0001 - Fornecimento de Peças;A;04/12/2025;;39;734,18;0,00;734,18;
08/03/2026;6288;2;INTERBAHIA ACUMULADORES LTDA;05.697.301/0001-30;Compra 2559/2 - 128878;128878 2/4;BOL;3000.0001 - Fornecimento de Peças;A;05/01/2026;;33;2.100,63;0,00;2.100,63;
13/03/2026;6320;2;MOTOR FLEX DISTRIBUIDORA DE AUTO PECAS LTDA;18.465.593/0001-27;Compra 2578/2 - 9154;9154/02;BOL;3000.0001 - Fornecimento de Peças;A;13/01/2026;;28;2.066,53;0,00;2.066,53;
13/03/2026;6551;2;CLARA MOLAS COMERCIO E SERVICOS DE PECAS LTDA;02.148.992/0001-24;Serviços Clara Molas;671;BOL;2100.0017 - Serviços de Terceiros;A;06/03/2026;;28;332,50;0,00;332,50;
14/03/2026;6453;2;MOTOR FLEX DISTRIBUIDORA DE AUTO PECAS LTDA;18.465.593/0001-27;Compra 2594/2 - 9169;9169/02;BOL;3000.0001 - Fornecimento de Peças;A;15/01/2026;;27;731,17;0,00;731,17;
17/03/2026;195;1;CAIXA ECONOMICA FEDERAL;;CREDITO EMPRESA PARCELADO-POS;03.0077.606.0000171-19;OUT;2100.0010 - Empréstimos Bancários;A;12/04/2024;;24;8.524,27;0,00;8.524,27;
18/03/2026;6260;3;MOTOR FLEX DISTRIBUIDORA DE AUTO PECAS LTDA;18.465.593/0001-27;Compra 2528/3 - 9024;9024/03;BOL;3000.0001 - Fornecimento de Peças;A;20/12/2025;;23;2.010,24;0,00;2.010,24;
18/03/2026;6454;2;MOTOR FLEX DISTRIBUIDORA DE AUTO PECAS LTDA;18.465.593/0001-27;Compra 2595/2 - 9156;9156/02;BOL;3000.0001 - Fornecimento de Peças;A;15/01/2026;;23;1.233,33;0,00;1.233,33;
27/03/2026;6551;3;CLARA MOLAS COMERCIO E SERVICOS DE PECAS LTDA;02.148.992/0001-24;Serviços Clara Molas;671;BOL;2100.0017 - Serviços de Terceiros;A;06/03/2026;;14;180,40;0,00;180,40;
28/03/2026;221;1;CAIXA ECONOMICA FEDERAL;;GIROCAIXA PRONAMPE PJ-2022 e 2023;0000000001894111;OUT;2100.0010 - Empréstimos Bancários;A;12/04/2024;;13;4.197,11;0,00;4.197,11;
31/03/2026;6488;2;MOTOR FLEX DISTRIBUIDORA DE AUTO PECAS LTDA;18.465.593/0001-27;Compra 2661/2 - 9331;9331/02;BOL;3000.0001 - Fornecimento de Peças;A;02/02/2026;;10;3.629,87;0,00;3.629,87;
01/04/2026;943;1;EMBASA;;Embasa - Bella Pneus;53590910;NFE;2100.0002 - Abastecimento Água;A;08/05/2024;;9;600,64;0,00;600,64;
01/04/2026;975;1;EMBASA;;Embasa - Loja;53592409;NFE;2100.0002 - Abastecimento Água;A;08/05/2024;;9;131,42;0,00;131,42;
01/04/2026;1007;1;EMBASA;;Embasa - F3;53734041;NFE;2100.0002 - Abastecimento Água;A;08/05/2024;;9;398,66;0,00;398,66;
01/04/2026;1039;1;EMBASA;;Embasa - Casa;53677846;NFE;2100.0002 - Abastecimento Água;A;08/05/2024;;9;211,33;0,00;211,33;
01/04/2026;6539;1;OFICINA SO DIRECAO HIDRAULICA EIRELI;03.825.596/0001-57;OFICINA SO DIRECAO;37660-1/3;BOL;3000.0001 - Fornecimento de Peças;A;04/03/2026;;9;308,16;0,00;308,16;
02/04/2026;6536;1;MOTOR FLEX DISTRIBUIDORA DE AUTO PECAS LTDA;18.465.593/0001-27;Compra 2741/1 - 9551;9551/01;BOL;3000.0001 - Fornecimento de Peças;A;04/03/2026;;8;1.089,54;0,00;1.089,54;
05/04/2026;6355;1;EMBASA;;Embasa - F4;188776320;OUT;2100.0002 - Abastecimento Água;A;14/01/2026;;5;155,58;0,00;155,58;
05/04/2026;6600;1;CENTRAL DOS PARAFUSOS;43.838.363/0001-03;Quitação de notas mês de fevereiro 2026 ;CENTRAL DOS PARAFUSOS;BOL;3000.0001 - Fornecimento de Peças;A;25/03/2026;;5;543,66;0,00;543,66;
10/04/2026;1071;1;EMBASA;;Embasa - Sitio;53699963;NFE;2100.0002 - Abastecimento Água;A;08/05/2024;;;39,72;0,00;39,72;
10/04/2026;6594;1;A SUA AUTO PECAS LTDA;29.608.998/0001-93;Boleto retifica;4483/01;BOL;3000.0001 - Fornecimento de Peças;A;19/03/2026;;;1.717,44;0,00;1.717,44;
12/04/2026;6320;3;MOTOR FLEX DISTRIBUIDORA DE AUTO PECAS LTDA;18.465.593/0001-27;Compra 2578/3 - 9154;9154/03;BOL;3000.0001 - Fornecimento de Peças;A;13/01/2026;;;2.066,53;0,00;2.066,53;
13/04/2026;6453;3;MOTOR FLEX DISTRIBUIDORA DE AUTO PECAS LTDA;18.465.593/0001-27;Compra 2594/3 - 9169;9169/03;BOL;3000.0001 - Fornecimento de Peças;A;15/01/2026;;;731,17;0,00;731,17;
13/04/2026;6580;1;CASA DAS MANGUEIRAS SHA LTDA;56.340.740/0001-21;Quitação de notas mês de fevereiro 2026	;5703;BOL;3000.0001 - Fornecimento de Peças;A;16/03/2026;;;323,16;0,00;323,16;
14/04/2026;6553;2;CLARA MOLAS COMERCIO E SERVICOS DE PECAS LTDA;02.148.992/0001-24;Serviço Clara Molas;91896;BOL;2100.0017 - Serviços de Terceiros;A;06/03/2026;;;383,83;0,00;383,83;
15/04/2026;4627;1;EMPRESA NACIONAL DOS COMERCIAN;25.187.746/0001-87;Mensalidade Rede Ancora;62428;BOL;2100.0005 - Sistema de Gestão;A;22/05/2025;;;1.792,04;0,00;1.792,04;
15/04/2026;6505;1;AILTON MATOS;04.660.421/0001-08;Quitação notas mês de Janeiro 2026;949-02;BOL;3000.0001 - Fornecimento de Peças;A;09/02/2026;;;632,20;0,00;632,20;
16/04/2026;6482;4;GOMMA PNEUS;49.746.192/0003-30;Renegociação Gomma;Renegociação Gomma;BOL;2100.0015 - Boletos - Geração / Liquidação;A;28/01/2026;;;1.533,99;0,00;1.533,99;
17/04/2026;196;1;CAIXA ECONOMICA FEDERAL;;CREDITO EMPRESA PARCELADO-POS;03.0077.606.0000171-19;OUT;2100.0010 - Empréstimos Bancários;A;12/04/2024;;;8.524,27;0,00;8.524,27;
17/04/2026;6454;3;MOTOR FLEX DISTRIBUIDORA DE AUTO PECAS LTDA;18.465.593/0001-27;Compra 2595/3 - 9156;9156/03;BOL;3000.0001 - Fornecimento de Peças;A;15/01/2026;;;1.233,33;0,00;1.233,33;
17/04/2026;6502;1;CENTRAL DOS PARAFUSOS;43.838.363/0001-03;Quitação de Notas Dezembro/2025	;Central dos parafusos;BOL;3000.0001 - Fornecimento de Peças;A;05/02/2026;;;486,33;0,00;486,33;
19/04/2026;6554;2;A SUA AUTO PECAS LTDA;29.608.998/0001-93;Serviço Retifica Motor;4352;BOL;2100.0017 - Serviços de Terceiros;A;06/03/2026;;;2.589,52;0,00;2.589,52;
20/04/2026;6200;5;HERON SOLDAS E MAQUINAS LTDA;05.916.400/0001-65;Compra 2421/5 - 45900;4590005;BOL;3000.0001 - Fornecimento de Peças;A;24/11/2025;;;447,20;0,00;447,20;
20/04/2026;6269;1;ULTRACAR TECNOLOGIA E INFORMACAO LTDA;00.422.495/0001-47;Mensalidade UltraCar;;BOL;2100.0005 - Sistema de Gestão;A;22/12/2025;;;803,00;0,00;803,00;
20/04/2026;6537;3;CIA BRASILEIRA DIST AUTO S.A;42.580.092/0015-71;Compra 2742/3 - 145092;145092/03;BOL;2300.0001 - Fornecimento de Peças;A;04/03/2026;;;264,60;0,00;264,60;
20/04/2026;6645;1;AILTON MATOS;04.660.421/0001-08;Quitação notas mês de Março 2026	;001;BOL;3000.0001 - Fornecimento de Peças;A;09/04/2026;;;581,75;0,00;581,75;
23/04/2026;6302;1;AILTON MATOS;04.660.421/0001-08;Quitação mês de Dezembro 2025	;943-04;BOL;3000.0001 - Fornecimento de Peças;A;07/01/2026;;;880,35;0,00;880,35;
23/04/2026;6649;1;DIJAL COMERCIO DE AUTO PECAS LTDA;32.653.073/0001-79;Quitação de notas mês de março 2026	;180392717;BOL;3000.0001 - Fornecimento de Peças;A;09/04/2026;;;475,45;0,00;475,45;
27/04/2026;6480;1;HERON SOLDAS E MAQUINAS LTDA;05.916.400/0001-65;Compra Heron Soldas;4634201;BOL;3000.0002 - Fornecimento de Insumos;A;28/01/2026;;;268,20;0,00;268,20;
27/04/2026;6561;1;AILTON MATOS;04.660.421/0001-08;Quitação notas mês de Fevereiro 2026;953-02;BOL;3000.0001 - Fornecimento de Peças;A;09/03/2026;;;540,66;0,00;540,66;
28/04/2026;222;1;CAIXA ECONOMICA FEDERAL;;GIROCAIXA PRONAMPE PJ-2022 e 2023;0000000001894111;OUT;2100.0010 - Empréstimos Bancários;A;12/04/2024;;;4.197,11;0,00;4.197,11;
30/04/2026;629;1;DAS - DOCUMENTO DE ARRECADACAO DO SIMPLES NACIONAL;;DAS do Parcelamento RELPSN;Numero Parcelamento 9131;OUT;2100.0011 - Parcelamento de Impostos;A;02/05/2024;;;737,76;0,00;737,76;
30/04/2026;662;1;DAS - DOCUMENTO DE ARRECADACAO DO SIMPLES NACIONAL;;DAS de PARCSN;Parcelamento 4;OUT;2100.0011 - Parcelamento de Impostos;A;02/05/2024;;;1.106,89;0,00;1.106,89;
30/04/2026;6064;1;DAS - DOCUMENTO DE ARRECADACAO DO SIMPLES NACIONAL;;Parcelamento 4 ;;OUT;2100.0018 - Impostos;A;01/11/2025;;;1.546,15;0,00;1.546,15;
30/04/2026;6079;1;DAS - DOCUMENTO DE ARRECADACAO DO SIMPLES NACIONAL;;PGFN-SISPAR:005084117;;OUT;2100.0018 - Impostos;A;01/11/2025;;;1.250,13;0,00;1.250,13;
30/04/2026;6488;3;MOTOR FLEX DISTRIBUIDORA DE AUTO PECAS LTDA;18.465.593/0001-27;Compra 2661/3 - 9331;9331/03;BOL;3000.0001 - Fornecimento de Peças;A;02/02/2026;;;3.629,87;0,00;3.629,87;
30/04/2026;6537;4;CIA BRASILEIRA DIST AUTO S.A;42.580.092/0015-71;Compra 2742/4 - 145092;145092/04;BOL;2300.0001 - Fornecimento de Peças;A;04/03/2026;;;264,60;0,00;264,60;
01/05/2026;944;1;EMBASA;;Embasa - Bella Pneus;53590910;NFE;2100.0002 - Abastecimento Água;A;08/05/2024;;;600,64;0,00;600,64;
01/05/2026;976;1;EMBASA;;Embasa - Loja;53592409;NFE;2100.0002 - Abastecimento Água;A;08/05/2024;;;131,42;0,00;131,42;
01/05/2026;1008;1;EMBASA;;Embasa - F3;53734041;NFE;2100.0002 - Abastecimento Água;A;08/05/2024;;;398,66;0,00;398,66;
01/05/2026;1040;1;EMBASA;;Embasa - Casa;53677846;NFE;2100.0002 - Abastecimento Água;A;08/05/2024;;;211,33;0,00;211,33;
01/05/2026;6540;1;OFICINA SO DIRECAO HIDRAULICA EIRELI;03.825.596/0001-57;OFICINA SO DIRECAO;37660-2/3;BOL;3000.0001 - Fornecimento de Peças;A;04/03/2026;;;308,17;0,00;308,17;
02/05/2026;5060;12;ROBERT BOSCH LIMITADA;45.990.181/0001-89;Atualizações ESI Tronic;;BOL;2100.0005 - Sistema de Gestão;A;14/07/2025;;;699,72;0,00;699,72;
02/05/2026;6536;2;MOTOR FLEX DISTRIBUIDORA DE AUTO PECAS LTDA;18.465.593/0001-27;Compra 2741/2 - 9551;9551/02;BOL;3000.0001 - Fornecimento de Peças;A;04/03/2026;;;1.089,53;0,00;1.089,53;
03/05/2026;828;1;COELBA;;Energia - Sitio;7037148886;NFE;2100.0001 - Energia;A;08/05/2024;;;97,59;0,00;97,59;
04/05/2026;6538;2;CIA BRASILEIRA DIST AUTO S.A;42.580.092/0072-60;Compra 2743/2 - 47774;47774/02;BOL;3000.0001 - Fornecimento de Peças;A;04/03/2026;;;541,12;0,00;541,12;
05/05/2026;6356;1;EMBASA;;Embasa - F4;188776320;OUT;2100.0002 - Abastecimento Água;A;14/01/2026;;;155,58;0,00;155,58;
05/05/2026;6601;1;CENTRAL DOS PARAFUSOS;43.838.363/0001-03;Quitação de notas mês de fevereiro 2026	;CENTRAL DOS PARAFUSOS;BOL;3000.0001 - Fornecimento de Peças;A;25/03/2026;;;543,66;0,00;543,66;
06/05/2026;796;1;COELBA;;Energia - Bella Pneus;7044321186;NFE;2100.0001 - Energia;A;08/05/2024;;;118,05;0,00;118,05;
06/05/2026;6552;3;CLARA MOLAS COMERCIO E SERVICOS DE PECAS LTDA;02.148.992/0001-24;Serviço Clara Molas;91688;BOL;2100.0017 - Serviços de Terceiros;A;06/03/2026;;;474,53;0,00;474,53;
07/05/2026;6288;4;INTERBAHIA ACUMULADORES LTDA;05.697.301/0001-30;Compra 2559/4 - 128878;128878 4/4;BOL;3000.0001 - Fornecimento de Peças;A;05/01/2026;;;2.100,63;0,00;2.100,63;
08/05/2026;892;1;COELBA;;Energia - F3;7023933971;NFE;2100.0001 - Energia;A;08/05/2024;;;121,56;0,00;121,56;
08/05/2026;6650;1;DIJAL COMERCIO DE AUTO PECAS LTDA;32.653.073/0001-79;Quitação de notas mês de março 2026	;180396489;BOL;3000.0001 - Fornecimento de Peças;A;09/04/2026;;;475,45;0,00;475,45;
09/05/2026;860;1;COELBA;;Energia - Loja;7067179930;NFE;2100.0001 - Energia;A;08/05/2024;;;122,29;0,00;122,29;
09/05/2026;6330;1;COELBA;;Energia - Casa;217829747;NFE;2100.0001 - Energia;A;14/01/2026;;;32,41;0,00;32,41;
10/05/2026;1072;1;EMBASA;;Embasa - Sitio;53699963;NFE;2100.0002 - Abastecimento Água;A;08/05/2024;;;39,72;0,00;39,72;
10/05/2026;5312;1;BEM PROTEGE - CLUBE DE BENEFICIOS;10.476.457/0001-20;Seguro FIAT UNO - MWF2H25;;BOL;2100.0007 - Seguros;A;11/08/2025;;;94,60;0,00;94,60;
10/05/2026;5408;1;BEM PROTEGE - CLUBE DE BENEFICIOS;10.476.457/0001-20;Seguro LOGAN- RCV1C25;;BOL;2100.0007 - Seguros;A;11/08/2025;;;143,22;0,00;143,22;
10/05/2026;6369;1;VIVO MOVEL;;Vivo - Frota;75 9 9844-2224;OUT;2100.0003 - Telefone;A;14/01/2026;;;42,20;0,00;42,20;
10/05/2026;6382;1;VIVO MOVEL;;Vivo - Guilherme;75 9 9909-2224;OUT;2100.0003 - Telefone;A;14/01/2026;;;85,12;0,00;85,12;
10/05/2026;6395;1;VIVO MOVEL;;Vivo - GPS;75 9 9924-2219;OUT;2100.0003 - Telefone;A;14/01/2026;;;36,69;0,00;36,69;
10/05/2026;6408;1;VIVO MOVEL;;Vivo - Loja;75 9 9965-1392;OUT;2100.0003 - Telefone;A;14/01/2026;;;36,69;0,00;36,69;
10/05/2026;6421;1;VIVO MOVEL;;Vivo - Caixa;75 9 9946-2242;OUT;2100.0003 - Telefone;A;14/01/2026;;;71,12;0,00;71,12;
10/05/2026;6434;1;VIVO MOVEL;;Vivo - Isabella;75 9 9858-2224;OUT;2100.0003 - Telefone;A;14/01/2026;;;61,98;0,00;61,98;
11/05/2026;6537;5;CIA BRASILEIRA DIST AUTO S.A;42.580.092/0015-71;Compra 2742/5 - 145092;145092/05;BOL;2300.0001 - Fornecimento de Peças;A;04/03/2026;;;264,60;0,00;264,60;
11/05/2026;6595;1;A SUA AUTO PECAS LTDA;29.608.998/0001-93;Boleto Retifica;4483/02;BOL;3000.0001 - Fornecimento de Peças;A;19/03/2026;;;1.717,43;0,00;1.717,43;
12/05/2026;6306;4;INTERBAHIA ACUMULADORES LTDA;05.697.301/0001-30;Compra 2574/4 - 128994;128994 4/4;BOL;3000.0001 - Fornecimento de Peças;A;08/01/2026;;;200,66;0,00;200,66;
12/05/2026;6343;1;COELBA;;Energia - Casa de Nete;7079780477;OUT;2100.0001 - Energia;A;14/01/2026;;;35,25;0,00;35,25;
14/05/2026;6553;3;CLARA MOLAS COMERCIO E SERVICOS DE PECAS LTDA;02.148.992/0001-24;Serviço Clara Molas;91896;BOL;2100.0017 - Serviços de Terceiros;A;06/03/2026;;;383,83;0,00;383,83;
15/05/2026;4628;1;EMPRESA NACIONAL DOS COMERCIAN;25.187.746/0001-87;Mensalidade Rede Ancora;62428;BOL;2100.0005 - Sistema de Gestão;A;22/05/2025;;;1.792,04;0,00;1.792,04;
15/05/2026;6506;1;AILTON MATOS;04.660.421/0001-08;Quitação notas mês de Janeiro 2026;949-03;BOL;3000.0001 - Fornecimento de Peças;A;09/02/2026;;;632,20;0,00;632,20;
16/05/2026;6482;5;GOMMA PNEUS;49.746.192/0003-30;Renegociação Gomma;Renegociação Gomma;BOL;2100.0015 - Boletos - Geração / Liquidação;A;28/01/2026;;;1.533,99;0,00;1.533,99;
19/05/2026;6554;3;A SUA AUTO PECAS LTDA;29.608.998/0001-93;Serviço Retifica Motor;4352;BOL;2100.0017 - Serviços de Terceiros;A;06/03/2026;;;2.589,52;0,00;2.589,52;
20/05/2026;6200;6;HERON SOLDAS E MAQUINAS LTDA;05.916.400/0001-65;Compra 2421/6 - 45900;4590006;BOL;3000.0001 - Fornecimento de Peças;A;24/11/2025;;;447,20;0,00;447,20;
20/05/2026;6270;1;ULTRACAR TECNOLOGIA E INFORMACAO LTDA;00.422.495/0001-47;Mensalidade UltraCar;;BOL;2100.0005 - Sistema de Gestão;A;22/12/2025;;;803,00;0,00;803,00;
20/05/2026;6646;1;AILTON MATOS;04.660.421/0001-08;Quitação notas mês de Março 2026	;002;BOL;3000.0001 - Fornecimento de Peças;A;09/04/2026;;;581,75;0,00;581,75;
22/05/2026;6263;1;CAIXA ECONOMICA FEDERAL;;CREDITO EMPRESA PARCELADO-POS;03.0077.606.0000171-19;OUT;2100.0010 - Empréstimos Bancários;A;17/05/2026;;;8.524,27;0,00;8.524,27;
23/05/2026;6303;1;AILTON MATOS;04.660.421/0001-08;Quitação mês de Dezembro 2025	;943-05;BOL;3000.0001 - Fornecimento de Peças;A;07/01/2026;;;880,35;0,00;880,35;
23/05/2026;6651;1;DIJAL COMERCIO DE AUTO PECAS LTDA;32.653.073/0001-79;Quitação de notas mês de março 2026	;180396703;BOL;3000.0001 - Fornecimento de Peças;A;09/04/2026;;;475,40;0,00;475,40;
27/05/2026;6562;1;AILTON MATOS;04.660.421/0001-08;Quitação notas mês de Fevereiro 2026;953-03;BOL;3000.0001 - Fornecimento de Peças;A;09/03/2026;;;540,66;0,00;540,66;
28/05/2026;223;1;CAIXA ECONOMICA FEDERAL;;GIROCAIXA PRONAMPE PJ-2022 e 2023;0000000001894111;OUT;2100.0010 - Empréstimos Bancários;A;12/04/2024;;;4.197,11;0,00;4.197,11;
30/05/2026;630;1;DAS - DOCUMENTO DE ARRECADACAO DO SIMPLES NACIONAL;;DAS do Parcelamento RELPSN;Numero Parcelamento 9131;OUT;2100.0011 - Parcelamento de Impostos;A;02/05/2024;;;737,76;0,00;737,76;
30/05/2026;663;1;DAS - DOCUMENTO DE ARRECADACAO DO SIMPLES NACIONAL;;DAS de PARCSN;Parcelamento 4;OUT;2100.0011 - Parcelamento de Impostos;A;02/05/2024;;;1.106,89;0,00;1.106,89;
30/05/2026;6065;1;DAS - DOCUMENTO DE ARRECADACAO DO SIMPLES NACIONAL;;Parcelamento 4 ;;OUT;2100.0018 - Impostos;A;01/11/2025;;;1.546,15;0,00;1.546,15;
30/05/2026;6080;1;DAS - DOCUMENTO DE ARRECADACAO DO SIMPLES NACIONAL;;PGFN-SISPAR:005084117;;OUT;2100.0018 - Impostos;A;01/11/2025;;;1.250,13;0,00;1.250,13;
01/06/2026;945;1;EMBASA;;Embasa - Bella Pneus;53590910;NFE;2100.0002 - Abastecimento Água;A;08/05/2024;;;600,64;0,00;600,64;
01/06/2026;977;1;EMBASA;;Embasa - Loja;53592409;NFE;2100.0002 - Abastecimento Água;A;08/05/2024;;;131,42;0,00;131,42;
01/06/2026;1009;1;EMBASA;;Embasa - F3;53734041;NFE;2100.0002 - Abastecimento Água;A;08/05/2024;;;398,66;0,00;398,66;
01/06/2026;1041;1;EMBASA;;Embasa - Casa;53677846;NFE;2100.0002 - Abastecimento Água;A;08/05/2024;;;211,33;0,00;211,33;
01/06/2026;6536;3;MOTOR FLEX DISTRIBUIDORA DE AUTO PECAS LTDA;18.465.593/0001-27;Compra 2741/3 - 9551;9551/03;BOL;3000.0001 - Fornecimento de Peças;A;04/03/2026;;;1.089,53;0,00;1.089,53;
01/06/2026;6541;1;OFICINA SO DIRECAO HIDRAULICA EIRELI;03.825.596/0001-57;OFICINA SO DIRECAO ;37660-3/3;BOL;3000.0001 - Fornecimento de Peças;A;04/03/2026;;;308,17;0,00;308,17;
03/06/2026;829;1;COELBA;;Energia - Sitio;7037148886;NFE;2100.0001 - Energia;A;08/05/2024;;;97,59;0,00;97,59;
03/06/2026;6538;3;CIA BRASILEIRA DIST AUTO S.A;42.580.092/0072-60;Compra 2743/3 - 47774;47774/03;BOL;3000.0001 - Fornecimento de Peças;A;04/03/2026;;;541,12;0,00;541,12;
05/06/2026;6357;1;EMBASA;;Embasa - F4;188776320;OUT;2100.0002 - Abastecimento Água;A;14/01/2026;;;155,58;0,00;155,58;
05/06/2026;6602;1;CENTRAL DOS PARAFUSOS;43.838.363/0001-03;Quitação de notas mês de fevereiro 2026	;CENTRAL DOS PARAFUSOS;BOL;3000.0001 - Fornecimento de Peças;A;25/03/2026;;;543,66;0,00;543,66;
06/06/2026;797;1;COELBA;;Energia - Bella Pneus;7044321186;NFE;2100.0001 - Energia;A;08/05/2024;;;118,05;0,00;118,05;
08/06/2026;893;1;COELBA;;Energia - F3;7023933971;NFE;2100.0001 - Energia;A;08/05/2024;;;121,56;0,00;121,56;
09/06/2026;861;1;COELBA;;Energia - Loja;7067179930;NFE;2100.0001 - Energia;A;08/05/2024;;;122,29;0,00;122,29;
09/06/2026;6331;1;COELBA;;Energia - Casa;217829747;NFE;2100.0001 - Energia;A;14/01/2026;;;32,41;0,00;32,41;
10/06/2026;1073;1;EMBASA;;Embasa - Sitio;53699963;NFE;2100.0002 - Abastecimento Água;A;08/05/2024;;;39,72;0,00;39,72;
10/06/2026;5313;1;BEM PROTEGE - CLUBE DE BENEFICIOS;10.476.457/0001-20;Seguro FIAT UNO - MWF2H25;;BOL;2100.0007 - Seguros;A;11/08/2025;;;94,60;0,00;94,60;
10/06/2026;5409;1;BEM PROTEGE - CLUBE DE BENEFICIOS;10.476.457/0001-20;Seguro LOGAN- RCV1C25;;BOL;2100.0007 - Seguros;A;11/08/2025;;;143,22;0,00;143,22;
10/06/2026;6370;1;VIVO MOVEL;;Vivo - Frota;75 9 9844-2224;OUT;2100.0003 - Telefone;A;14/01/2026;;;42,20;0,00;42,20;
10/06/2026;6383;1;VIVO MOVEL;;Vivo - Guilherme;75 9 9909-2224;OUT;2100.0003 - Telefone;A;14/01/2026;;;85,12;0,00;85,12;
10/06/2026;6396;1;VIVO MOVEL;;Vivo - GPS;75 9 9924-2219;OUT;2100.0003 - Telefone;A;14/01/2026;;;36,69;0,00;36,69;
10/06/2026;6409;1;VIVO MOVEL;;Vivo - Loja;75 9 9965-1392;OUT;2100.0003 - Telefone;A;14/01/2026;;;36,69;0,00;36,69;
10/06/2026;6422;1;VIVO MOVEL;;Vivo - Caixa;75 9 9946-2242;OUT;2100.0003 - Telefone;A;14/01/2026;;;71,12;0,00;71,12;
10/06/2026;6435;1;VIVO MOVEL;;Vivo - Isabella;75 9 9858-2224;OUT;2100.0003 - Telefone;A;14/01/2026;;;61,98;0,00;61,98;
12/06/2026;6344;1;COELBA;;Energia - Casa de Nete;7079780477;OUT;2100.0001 - Energia;A;14/01/2026;;;35,25;0,00;35,25;
15/06/2026;4629;1;EMPRESA NACIONAL DOS COMERCIAN;25.187.746/0001-87;Mensalidade Rede Ancora;62428;BOL;2100.0005 - Sistema de Gestão;A;22/05/2025;;;1.792,04;0,00;1.792,04;
15/06/2026;6482;6;GOMMA PNEUS;49.746.192/0003-30;Renegociação Gomma;Renegociação Gomma;BOL;2100.0015 - Boletos - Geração / Liquidação;A;28/01/2026;;;1.533,99;0,00;1.533,99;
15/06/2026;6507;1;AILTON MATOS;04.660.421/0001-08;Quitação notas mês de Janeiro 2026;949-04;BOL;3000.0001 - Fornecimento de Peças;A;09/02/2026;;;632,20;0,00;632,20;
17/06/2026;6264;1;CAIXA ECONOMICA FEDERAL;;CREDITO EMPRESA PARCELADO-POS;03.0077.606.0000171-19;OUT;2100.0010 - Empréstimos Bancários;A;17/06/2026;;;8.524,27;0,00;8.524,27;
19/06/2026;6199;1;DP FERRAMENTAS E SOLDAS LTDA;08.018.333/0001-50;Compra 2420/1 - 5056;505601;BOL;3000.0001 - Fornecimento de Peças;A;24/11/2025;;;417,66;0,00;417,66;
20/06/2026;6271;1;ULTRACAR TECNOLOGIA E INFORMACAO LTDA;00.422.495/0001-47;Mensalidade UltraCar;;BOL;2100.0005 - Sistema de Gestão;A;22/12/2025;;;803,00;0,00;803,00;
20/06/2026;6647;1;AILTON MATOS;04.660.421/0001-08;Quitação notas mês de Março 2026	;003;BOL;3000.0001 - Fornecimento de Peças;A;09/04/2026;;;581,75;0,00;581,75;
28/06/2026;224;1;CAIXA ECONOMICA FEDERAL;;GIROCAIXA PRONAMPE PJ-2022 e 2023;0000000001894111;OUT;2100.0010 - Empréstimos Bancários;A;12/04/2024;;;4.197,11;0,00;4.197,11;
30/06/2026;631;1;DAS - DOCUMENTO DE ARRECADACAO DO SIMPLES NACIONAL;;DAS do Parcelamento RELPSN;Numero Parcelamento 9131;OUT;2100.0011 - Parcelamento de Impostos;A;02/05/2024;;;737,76;0,00;737,76;
30/06/2026;664;1;DAS - DOCUMENTO DE ARRECADACAO DO SIMPLES NACIONAL;;DAS de PARCSN;Parcelamento 4;OUT;2100.0011 - Parcelamento de Impostos;A;02/05/2024;;;1.106,89;0,00;1.106,89;
30/06/2026;6066;1;DAS - DOCUMENTO DE ARRECADACAO DO SIMPLES NACIONAL;;Parcelamento 4 ;;OUT;2100.0018 - Impostos;A;01/11/2025;;;1.546,15;0,00;1.546,15;
30/06/2026;6081;1;DAS - DOCUMENTO DE ARRECADACAO DO SIMPLES NACIONAL;;PGFN-SISPAR:005084117;;OUT;2100.0018 - Impostos;A;01/11/2025;;;1.250,13;0,00;1.250,13;
01/07/2026;946;1;EMBASA;;Embasa - Bella Pneus;53590910;NFE;2100.0002 - Abastecimento Água;A;08/05/2024;;;600,64;0,00;600,64;
01/07/2026;978;1;EMBASA;;Embasa - Loja;53592409;NFE;2100.0002 - Abastecimento Água;A;08/05/2024;;;131,42;0,00;131,42;
01/07/2026;1010;1;EMBASA;;Embasa - F3;53734041;NFE;2100.0002 - Abastecimento Água;A;08/05/2024;;;398,66;0,00;398,66;
01/07/2026;1042;1;EMBASA;;Embasa - Casa;53677846;NFE;2100.0002 - Abastecimento Água;A;08/05/2024;;;211,33;0,00;211,33;
03/07/2026;830;1;COELBA;;Energia - Sitio;7037148886;NFE;2100.0001 - Energia;A;08/05/2024;;;97,59;0,00;97,59;
05/07/2026;6358;1;EMBASA;;Embasa - F4;188776320;OUT;2100.0002 - Abastecimento Água;A;14/01/2026;;;155,58;0,00;155,58;
06/07/2026;798;1;COELBA;;Energia - Bella Pneus;7044321186;NFE;2100.0001 - Energia;A;08/05/2024;;;118,05;0,00;118,05;
08/07/2026;894;1;COELBA;;Energia - F3;7023933971;NFE;2100.0001 - Energia;A;08/05/2024;;;121,56;0,00;121,56;
09/07/2026;862;1;COELBA;;Energia - Loja;7067179930;NFE;2100.0001 - Energia;A;08/05/2024;;;122,29;0,00;122,29;
09/07/2026;6332;1;COELBA;;Energia - Casa;217829747;NFE;2100.0001 - Energia;A;14/01/2026;;;32,41;0,00;32,41;
10/07/2026;1074;1;EMBASA;;Embasa - Sitio;53699963;NFE;2100.0002 - Abastecimento Água;A;08/05/2024;;;39,72;0,00;39,72;
10/07/2026;5314;1;BEM PROTEGE - CLUBE DE BENEFICIOS;10.476.457/0001-20;Seguro FIAT UNO - MWF2H25;;BOL;2100.0007 - Seguros;A;11/08/2025;;;94,60;0,00;94,60;
10/07/2026;5410;1;BEM PROTEGE - CLUBE DE BENEFICIOS;10.476.457/0001-20;Seguro LOGAN- RCV1C25;;BOL;2100.0007 - Seguros;A;11/08/2025;;;143,22;0,00;143,22;
10/07/2026;6371;1;VIVO MOVEL;;Vivo - Frota;75 9 9844-2224;OUT;2100.0003 - Telefone;A;14/01/2026;;;42,20;0,00;42,20;
10/07/2026;6384;1;VIVO MOVEL;;Vivo - Guilherme;75 9 9909-2224;OUT;2100.0003 - Telefone;A;14/01/2026;;;85,12;0,00;85,12;
10/07/2026;6397;1;VIVO MOVEL;;Vivo - GPS;75 9 9924-2219;OUT;2100.0003 - Telefone;A;14/01/2026;;;36,69;0,00;36,69;
10/07/2026;6410;1;VIVO MOVEL;;Vivo - Loja;75 9 9965-1392;OUT;2100.0003 - Telefone;A;14/01/2026;;;36,69;0,00;36,69;
10/07/2026;6423;1;VIVO MOVEL;;Vivo - Caixa;75 9 9946-2242;OUT;2100.0003 - Telefone;A;14/01/2026;;;71,12;0,00;71,12;
10/07/2026;6436;1;VIVO MOVEL;;Vivo - Isabella;75 9 9858-2224;OUT;2100.0003 - Telefone;A;14/01/2026;;;61,98;0,00;61,98;
12/07/2026;6345;1;COELBA;;Energia - Casa de Nete;7079780477;OUT;2100.0001 - Energia;A;14/01/2026;;;35,25;0,00;35,25;
15/07/2026;4630;1;EMPRESA NACIONAL DOS COMERCIAN;25.187.746/0001-87;Mensalidade Rede Ancora;62428;BOL;2100.0005 - Sistema de Gestão;A;22/05/2025;;;1.792,04;0,00;1.792,04;
15/07/2026;6482;7;GOMMA PNEUS;49.746.192/0003-30;Renegociação Gomma;Renegociação Gomma;BOL;2100.0015 - Boletos - Geração / Liquidação;A;28/01/2026;;;1.533,99;0,00;1.533,99;
15/07/2026;6508;1;AILTON MATOS;04.660.421/0001-08;Quitação notas mês de Janeiro 2026;949-05;BOL;3000.0001 - Fornecimento de Peças;A;09/02/2026;;;632,20;0,00;632,20;
19/07/2026;6199;2;DP FERRAMENTAS E SOLDAS LTDA;08.018.333/0001-50;Compra 2420/2 - 5056;505602;BOL;3000.0001 - Fornecimento de Peças;A;24/11/2025;;;417,64;0,00;417,64;
20/07/2026;6272;1;ULTRACAR TECNOLOGIA E INFORMACAO LTDA;00.422.495/0001-47;Mensalidade UltraCar;;BOL;2100.0005 - Sistema de Gestão;A;22/12/2025;;;803,00;0,00;803,00;
20/07/2026;6648;1;AILTON MATOS;04.660.421/0001-08;Quitação notas mês de Março 2026	;004;BOL;3000.0001 - Fornecimento de Peças;A;09/04/2026;;;581,75;0,00;581,75;
28/07/2026;225;1;CAIXA ECONOMICA FEDERAL;;GIROCAIXA PRONAMPE PJ-2022 e 2023;0000000001894111;OUT;2100.0010 - Empréstimos Bancários;A;12/04/2024;;;4.197,11;0,00;4.197,11;
30/07/2026;632;1;DAS - DOCUMENTO DE ARRECADACAO DO SIMPLES NACIONAL;;DAS do Parcelamento RELPSN;Numero Parcelamento 9131;OUT;2100.0011 - Parcelamento de Impostos;A;02/05/2024;;;737,76;0,00;737,76;
30/07/2026;665;1;DAS - DOCUMENTO DE ARRECADACAO DO SIMPLES NACIONAL;;DAS de PARCSN;Parcelamento 4;OUT;2100.0011 - Parcelamento de Impostos;A;02/05/2024;;;1.106,89;0,00;1.106,89;
30/07/2026;6067;1;DAS - DOCUMENTO DE ARRECADACAO DO SIMPLES NACIONAL;;Parcelamento 4 ;;OUT;2100.0018 - Impostos;A;01/11/2025;;;1.546,15;0,00;1.546,15;
30/07/2026;6082;1;DAS - DOCUMENTO DE ARRECADACAO DO SIMPLES NACIONAL;;PGFN-SISPAR:005084117;;OUT;2100.0018 - Impostos;A;01/11/2025;;;1.250,13;0,00;1.250,13;
01/08/2026;947;1;EMBASA;;Embasa - Bella Pneus;53590910;NFE;2100.0002 - Abastecimento Água;A;08/05/2024;;;600,64;0,00;600,64;
01/08/2026;979;1;EMBASA;;Embasa - Loja;53592409;NFE;2100.0002 - Abastecimento Água;A;08/05/2024;;;131,42;0,00;131,42;
01/08/2026;1011;1;EMBASA;;Embasa - F3;53734041;NFE;2100.0002 - Abastecimento Água;A;08/05/2024;;;398,66;0,00;398,66;
01/08/2026;1043;1;EMBASA;;Embasa - Casa;53677846;NFE;2100.0002 - Abastecimento Água;A;08/05/2024;;;211,33;0,00;211,33;
03/08/2026;831;1;COELBA;;Energia - Sitio;7037148886;NFE;2100.0001 - Energia;A;08/05/2024;;;97,59;0,00;97,59;
05/08/2026;6359;1;EMBASA;;Embasa - F4;188776320;OUT;2100.0002 - Abastecimento Água;A;14/01/2026;;;155,58;0,00;155,58;
06/08/2026;799;1;COELBA;;Energia - Bella Pneus;7044321186;NFE;2100.0001 - Energia;A;08/05/2024;;;118,05;0,00;118,05;
08/08/2026;895;1;COELBA;;Energia - F3;7023933971;NFE;2100.0001 - Energia;A;08/05/2024;;;121,56;0,00;121,56;
09/08/2026;863;1;COELBA;;Energia - Loja;7067179930;NFE;2100.0001 - Energia;A;08/05/2024;;;122,29;0,00;122,29;
09/08/2026;6333;1;COELBA;;Energia - Casa;217829747;NFE;2100.0001 - Energia;A;14/01/2026;;;32,41;0,00;32,41;
10/08/2026;1075;1;EMBASA;;Embasa - Sitio;53699963;NFE;2100.0002 - Abastecimento Água;A;08/05/2024;;;39,72;0,00;39,72;
10/08/2026;5315;1;BEM PROTEGE - CLUBE DE BENEFICIOS;10.476.457/0001-20;Seguro FIAT UNO - MWF2H25;;BOL;2100.0007 - Seguros;A;11/08/2025;;;94,60;0,00;94,60;
10/08/2026;5411;1;BEM PROTEGE - CLUBE DE BENEFICIOS;10.476.457/0001-20;Seguro LOGAN- RCV1C25;;BOL;2100.0007 - Seguros;A;11/08/2025;;;143,22;0,00;143,22;
10/08/2026;6372;1;VIVO MOVEL;;Vivo - Frota;75 9 9844-2224;OUT;2100.0003 - Telefone;A;14/01/2026;;;42,20;0,00;42,20;
10/08/2026;6385;1;VIVO MOVEL;;Vivo - Guilherme;75 9 9909-2224;OUT;2100.0003 - Telefone;A;14/01/2026;;;85,12;0,00;85,12;
10/08/2026;6398;1;VIVO MOVEL;;Vivo - GPS;75 9 9924-2219;OUT;2100.0003 - Telefone;A;14/01/2026;;;36,69;0,00;36,69;
10/08/2026;6411;1;VIVO MOVEL;;Vivo - Loja;75 9 9965-1392;OUT;2100.0003 - Telefone;A;14/01/2026;;;36,69;0,00;36,69;
10/08/2026;6424;1;VIVO MOVEL;;Vivo - Caixa;75 9 9946-2242;OUT;2100.0003 - Telefone;A;14/01/2026;;;71,12;0,00;71,12;
10/08/2026;6437;1;VIVO MOVEL;;Vivo - Isabella;75 9 9858-2224;OUT;2100.0003 - Telefone;A;14/01/2026;;;61,98;0,00;61,98;
12/08/2026;6346;1;COELBA;;Energia - Casa de Nete;7079780477;OUT;2100.0001 - Energia;A;14/01/2026;;;35,25;0,00;35,25;
15/08/2026;4631;1;EMPRESA NACIONAL DOS COMERCIAN;25.187.746/0001-87;Mensalidade Rede Ancora;62428;BOL;2100.0005 - Sistema de Gestão;A;22/05/2025;;;1.792,04;0,00;1.792,04;
20/08/2026;6273;1;ULTRACAR TECNOLOGIA E INFORMACAO LTDA;00.422.495/0001-47;Mensalidade UltraCar;;BOL;2100.0005 - Sistema de Gestão;A;22/12/2025;;;803,00;0,00;803,00;
28/08/2026;226;1;CAIXA ECONOMICA FEDERAL;;GIROCAIXA PRONAMPE PJ-2022 e 2023;0000000001894111;OUT;2100.0010 - Empréstimos Bancários;A;12/04/2024;;;4.197,11;0,00;4.197,11;
30/08/2026;633;1;DAS - DOCUMENTO DE ARRECADACAO DO SIMPLES NACIONAL;;DAS do Parcelamento RELPSN;Numero Parcelamento 9131;OUT;2100.0011 - Parcelamento de Impostos;A;02/05/2024;;;737,76;0,00;737,76;
30/08/2026;666;1;DAS - DOCUMENTO DE ARRECADACAO DO SIMPLES NACIONAL;;DAS de PARCSN;Parcelamento 4;OUT;2100.0011 - Parcelamento de Impostos;A;02/05/2024;;;1.106,89;0,00;1.106,89;
30/08/2026;6068;1;DAS - DOCUMENTO DE ARRECADACAO DO SIMPLES NACIONAL;;Parcelamento 4 ;;OUT;2100.0018 - Impostos;A;01/11/2025;;;1.546,15;0,00;1.546,15;
30/08/2026;6083;1;DAS - DOCUMENTO DE ARRECADACAO DO SIMPLES NACIONAL;;PGFN-SISPAR:005084117;;OUT;2100.0018 - Impostos;A;01/11/2025;;;1.250,13;0,00;1.250,13;
01/09/2026;948;1;EMBASA;;Embasa - Bella Pneus;53590910;NFE;2100.0002 - Abastecimento Água;A;08/05/2024;;;600,64;0,00;600,64;
01/09/2026;980;1;EMBASA;;Embasa - Loja;53592409;NFE;2100.0002 - Abastecimento Água;A;08/05/2024;;;131,42;0,00;131,42;
01/09/2026;1012;1;EMBASA;;Embasa - F3;53734041;NFE;2100.0002 - Abastecimento Água;A;08/05/2024;;;398,66;0,00;398,66;
01/09/2026;1044;1;EMBASA;;Embasa - Casa;53677846;NFE;2100.0002 - Abastecimento Água;A;08/05/2024;;;211,33;0,00;211,33;
03/09/2026;832;1;COELBA;;Energia - Sitio;7037148886;NFE;2100.0001 - Energia;A;08/05/2024;;;97,59;0,00;97,59;
05/09/2026;6360;1;EMBASA;;Embasa - F4;188776320;OUT;2100.0002 - Abastecimento Água;A;14/01/2026;;;155,58;0,00;155,58;
06/09/2026;800;1;COELBA;;Energia - Bella Pneus;7044321186;NFE;2100.0001 - Energia;A;08/05/2024;;;118,05;0,00;118,05;
08/09/2026;896;1;COELBA;;Energia - F3;7023933971;NFE;2100.0001 - Energia;A;08/05/2024;;;121,56;0,00;121,56;
09/09/2026;864;1;COELBA;;Energia - Loja;7067179930;NFE;2100.0001 - Energia;A;08/05/2024;;;122,29;0,00;122,29;
09/09/2026;6334;1;COELBA;;Energia - Casa;217829747;NFE;2100.0001 - Energia;A;14/01/2026;;;32,41;0,00;32,41;
10/09/2026;1076;1;EMBASA;;Embasa - Sitio;53699963;NFE;2100.0002 - Abastecimento Água;A;08/05/2024;;;39,72;0,00;39,72;
10/09/2026;5316;1;BEM PROTEGE - CLUBE DE BENEFICIOS;10.476.457/0001-20;Seguro FIAT UNO - MWF2H25;;BOL;2100.0007 - Seguros;A;11/08/2025;;;94,60;0,00;94,60;
10/09/2026;5412;1;BEM PROTEGE - CLUBE DE BENEFICIOS;10.476.457/0001-20;Seguro LOGAN- RCV1C25;;BOL;2100.0007 - Seguros;A;11/08/2025;;;143,22;0,00;143,22;
10/09/2026;6373;1;VIVO MOVEL;;Vivo - Frota;75 9 9844-2224;OUT;2100.0003 - Telefone;A;14/01/2026;;;42,20;0,00;42,20;
10/09/2026;6386;1;VIVO MOVEL;;Vivo - Guilherme;75 9 9909-2224;OUT;2100.0003 - Telefone;A;14/01/2026;;;85,12;0,00;85,12;
10/09/2026;6399;1;VIVO MOVEL;;Vivo - GPS;75 9 9924-2219;OUT;2100.0003 - Telefone;A;14/01/2026;;;36,69;0,00;36,69;
10/09/2026;6412;1;VIVO MOVEL;;Vivo - Loja;75 9 9965-1392;OUT;2100.0003 - Telefone;A;14/01/2026;;;36,69;0,00;36,69;
10/09/2026;6425;1;VIVO MOVEL;;Vivo - Caixa;75 9 9946-2242;OUT;2100.0003 - Telefone;A;14/01/2026;;;71,12;0,00;71,12;
10/09/2026;6438;1;VIVO MOVEL;;Vivo - Isabella;75 9 9858-2224;OUT;2100.0003 - Telefone;A;14/01/2026;;;61,98;0,00;61,98;
12/09/2026;6347;1;COELBA;;Energia - Casa de Nete;7079780477;OUT;2100.0001 - Energia;A;14/01/2026;;;35,25;0,00;35,25;
15/09/2026;4632;1;EMPRESA NACIONAL DOS COMERCIAN;25.187.746/0001-87;Mensalidade Rede Ancora;62428;BOL;2100.0005 - Sistema de Gestão;A;22/05/2025;;;1.792,04;0,00;1.792,04;
20/09/2026;6274;1;ULTRACAR TECNOLOGIA E INFORMACAO LTDA;00.422.495/0001-47;Mensalidade UltraCar;;BOL;2100.0005 - Sistema de Gestão;A;22/12/2025;;;803,00;0,00;803,00;
28/09/2026;227;1;CAIXA ECONOMICA FEDERAL;;GIROCAIXA PRONAMPE PJ-2022 e 2023;0000000001894111;OUT;2100.0010 - Empréstimos Bancários;A;12/04/2024;;;4.197,11;0,00;4.197,11;
30/09/2026;634;1;DAS - DOCUMENTO DE ARRECADACAO DO SIMPLES NACIONAL;;DAS do Parcelamento RELPSN;Numero Parcelamento 9131;OUT;2100.0011 - Parcelamento de Impostos;A;02/05/2024;;;737,76;0,00;737,76;
30/09/2026;667;1;DAS - DOCUMENTO DE ARRECADACAO DO SIMPLES NACIONAL;;DAS de PARCSN;Parcelamento 4;OUT;2100.0011 - Parcelamento de Impostos;A;02/05/2024;;;1.106,89;0,00;1.106,89;
30/09/2026;6069;1;DAS - DOCUMENTO DE ARRECADACAO DO SIMPLES NACIONAL;;Parcelamento 4 ;;OUT;2100.0018 - Impostos;A;01/11/2025;;;1.546,15;0,00;1.546,15;
30/09/2026;6084;1;DAS - DOCUMENTO DE ARRECADACAO DO SIMPLES NACIONAL;;PGFN-SISPAR:005084117;;OUT;2100.0018 - Impostos;A;01/11/2025;;;1.250,13;0,00;1.250,13;
01/10/2026;949;1;EMBASA;;Embasa - Bella Pneus;53590910;NFE;2100.0002 - Abastecimento Água;A;08/05/2024;;;600,64;0,00;600,64;
01/10/2026;981;1;EMBASA;;Embasa - Loja;53592409;NFE;2100.0002 - Abastecimento Água;A;08/05/2024;;;131,42;0,00;131,42;
01/10/2026;1013;1;EMBASA;;Embasa - F3;53734041;NFE;2100.0002 - Abastecimento Água;A;08/05/2024;;;398,66;0,00;398,66;
01/10/2026;1045;1;EMBASA;;Embasa - Casa;53677846;NFE;2100.0002 - Abastecimento Água;A;08/05/2024;;;211,33;0,00;211,33;
03/10/2026;833;1;COELBA;;Energia - Sitio;7037148886;NFE;2100.0001 - Energia;A;08/05/2024;;;97,59;0,00;97,59;
05/10/2026;6361;1;EMBASA;;Embasa - F4;188776320;OUT;2100.0002 - Abastecimento Água;A;14/01/2026;;;155,58;0,00;155,58;
06/10/2026;801;1;COELBA;;Energia - Bella Pneus;7044321186;NFE;2100.0001 - Energia;A;08/05/2024;;;118,05;0,00;118,05;
08/10/2026;897;1;COELBA;;Energia - F3;7023933971;NFE;2100.0001 - Energia;A;08/05/2024;;;121,56;0,00;121,56;
09/10/2026;865;1;COELBA;;Energia - Loja;7067179930;NFE;2100.0001 - Energia;A;08/05/2024;;;122,29;0,00;122,29;
09/10/2026;6335;1;COELBA;;Energia - Casa;217829747;NFE;2100.0001 - Energia;A;14/01/2026;;;32,41;0,00;32,41;
10/10/2026;1077;1;EMBASA;;Embasa - Sitio;53699963;NFE;2100.0002 - Abastecimento Água;A;08/05/2024;;;39,72;0,00;39,72;
10/10/2026;5317;1;BEM PROTEGE - CLUBE DE BENEFICIOS;10.476.457/0001-20;Seguro FIAT UNO - MWF2H25;;BOL;2100.0007 - Seguros;A;11/08/2025;;;94,60;0,00;94,60;
10/10/2026;5413;1;BEM PROTEGE - CLUBE DE BENEFICIOS;10.476.457/0001-20;Seguro LOGAN- RCV1C25;;BOL;2100.0007 - Seguros;A;11/08/2025;;;143,22;0,00;143,22;
10/10/2026;6374;1;VIVO MOVEL;;Vivo - Frota;75 9 9844-2224;OUT;2100.0003 - Telefone;A;14/01/2026;;;42,20;0,00;42,20;
10/10/2026;6387;1;VIVO MOVEL;;Vivo - Guilherme;75 9 9909-2224;OUT;2100.0003 - Telefone;A;14/01/2026;;;85,12;0,00;85,12;
10/10/2026;6400;1;VIVO MOVEL;;Vivo - GPS;75 9 9924-2219;OUT;2100.0003 - Telefone;A;14/01/2026;;;36,69;0,00;36,69;
10/10/2026;6413;1;VIVO MOVEL;;Vivo - Loja;75 9 9965-1392;OUT;2100.0003 - Telefone;A;14/01/2026;;;36,69;0,00;36,69;
10/10/2026;6426;1;VIVO MOVEL;;Vivo - Caixa;75 9 9946-2242;OUT;2100.0003 - Telefone;A;14/01/2026;;;71,12;0,00;71,12;
10/10/2026;6439;1;VIVO MOVEL;;Vivo - Isabella;75 9 9858-2224;OUT;2100.0003 - Telefone;A;14/01/2026;;;61,98;0,00;61,98;
12/10/2026;6348;1;COELBA;;Energia - Casa de Nete;7079780477;OUT;2100.0001 - Energia;A;14/01/2026;;;35,25;0,00;35,25;
15/10/2026;4633;1;EMPRESA NACIONAL DOS COMERCIAN;25.187.746/0001-87;Mensalidade Rede Ancora;62428;BOL;2100.0005 - Sistema de Gestão;A;22/05/2025;;;1.792,04;0,00;1.792,04;
20/10/2026;6275;1;ULTRACAR TECNOLOGIA E INFORMACAO LTDA;00.422.495/0001-47;Mensalidade UltraCar;;BOL;2100.0005 - Sistema de Gestão;A;22/12/2025;;;803,00;0,00;803,00;
28/10/2026;228;1;CAIXA ECONOMICA FEDERAL;;GIROCAIXA PRONAMPE PJ-2022 e 2023;0000000001894111;OUT;2100.0010 - Empréstimos Bancários;A;12/04/2024;;;4.197,11;0,00;4.197,11;
30/10/2026;635;1;DAS - DOCUMENTO DE ARRECADACAO DO SIMPLES NACIONAL;;DAS do Parcelamento RELPSN;Numero Parcelamento 9131;OUT;2100.0011 - Parcelamento de Impostos;A;02/05/2024;;;737,76;0,00;737,76;
30/10/2026;668;1;DAS - DOCUMENTO DE ARRECADACAO DO SIMPLES NACIONAL;;DAS de PARCSN;Parcelamento 4;OUT;2100.0011 - Parcelamento de Impostos;A;02/05/2024;;;1.106,89;0,00;1.106,89;
30/10/2026;6070;1;DAS - DOCUMENTO DE ARRECADACAO DO SIMPLES NACIONAL;;Parcelamento 4 ;;OUT;2100.0018 - Impostos;A;01/11/2025;;;1.546,15;0,00;1.546,15;
30/10/2026;6085;1;DAS - DOCUMENTO DE ARRECADACAO DO SIMPLES NACIONAL;;PGFN-SISPAR:005084117;;OUT;2100.0018 - Impostos;A;01/11/2025;;;1.250,13;0,00;1.250,13;
01/11/2026;950;1;EMBASA;;Embasa - Bella Pneus;53590910;NFE;2100.0002 - Abastecimento Água;A;08/05/2024;;;600,64;0,00;600,64;
01/11/2026;982;1;EMBASA;;Embasa - Loja;53592409;NFE;2100.0002 - Abastecimento Água;A;08/05/2024;;;131,42;0,00;131,42;
01/11/2026;1014;1;EMBASA;;Embasa - F3;53734041;NFE;2100.0002 - Abastecimento Água;A;08/05/2024;;;398,66;0,00;398,66;
01/11/2026;1046;1;EMBASA;;Embasa - Casa;53677846;NFE;2100.0002 - Abastecimento Água;A;08/05/2024;;;211,33;0,00;211,33;
03/11/2026;834;1;COELBA;;Energia - Sitio;7037148886;NFE;2100.0001 - Energia;A;08/05/2024;;;97,59;0,00;97,59;
05/11/2026;6362;1;EMBASA;;Embasa - F4;188776320;OUT;2100.0002 - Abastecimento Água;A;14/01/2026;;;155,58;0,00;155,58;
06/11/2026;802;1;COELBA;;Energia - Bella Pneus;7044321186;NFE;2100.0001 - Energia;A;08/05/2024;;;118,05;0,00;118,05;
08/11/2026;898;1;COELBA;;Energia - F3;7023933971;NFE;2100.0001 - Energia;A;08/05/2024;;;121,56;0,00;121,56;
09/11/2026;866;1;COELBA;;Energia - Loja;7067179930;NFE;2100.0001 - Energia;A;08/05/2024;;;122,29;0,00;122,29;
09/11/2026;6336;1;COELBA;;Energia - Casa;217829747;NFE;2100.0001 - Energia;A;14/01/2026;;;32,41;0,00;32,41;
10/11/2026;1078;1;EMBASA;;Embasa - Sitio;53699963;NFE;2100.0002 - Abastecimento Água;A;08/05/2024;;;39,72;0,00;39,72;
10/11/2026;5318;1;BEM PROTEGE - CLUBE DE BENEFICIOS;10.476.457/0001-20;Seguro FIAT UNO - MWF2H25;;BOL;2100.0007 - Seguros;A;11/08/2025;;;94,60;0,00;94,60;
10/11/2026;5414;1;BEM PROTEGE - CLUBE DE BENEFICIOS;10.476.457/0001-20;Seguro LOGAN- RCV1C25;;BOL;2100.0007 - Seguros;A;11/08/2025;;;143,22;0,00;143,22;
10/11/2026;6375;1;VIVO MOVEL;;Vivo - Frota;75 9 9844-2224;OUT;2100.0003 - Telefone;A;14/01/2026;;;42,20;0,00;42,20;
10/11/2026;6388;1;VIVO MOVEL;;Vivo - Guilherme;75 9 9909-2224;OUT;2100.0003 - Telefone;A;14/01/2026;;;85,12;0,00;85,12;
10/11/2026;6401;1;VIVO MOVEL;;Vivo - GPS;75 9 9924-2219;OUT;2100.0003 - Telefone;A;14/01/2026;;;36,69;0,00;36,69;
10/11/2026;6414;1;VIVO MOVEL;;Vivo - Loja;75 9 9965-1392;OUT;2100.0003 - Telefone;A;14/01/2026;;;36,69;0,00;36,69;
10/11/2026;6427;1;VIVO MOVEL;;Vivo - Caixa;75 9 9946-2242;OUT;2100.0003 - Telefone;A;14/01/2026;;;71,12;0,00;71,12;
10/11/2026;6440;1;VIVO MOVEL;;Vivo - Isabella;75 9 9858-2224;OUT;2100.0003 - Telefone;A;14/01/2026;;;61,98;0,00;61,98;
12/11/2026;6349;1;COELBA;;Energia - Casa de Nete;7079780477;OUT;2100.0001 - Energia;A;14/01/2026;;;35,25;0,00;35,25;
15/11/2026;4634;1;EMPRESA NACIONAL DOS COMERCIAN;25.187.746/0001-87;Mensalidade Rede Ancora;62428;BOL;2100.0005 - Sistema de Gestão;A;22/05/2025;;;1.792,04;0,00;1.792,04;
20/11/2026;6276;1;ULTRACAR TECNOLOGIA E INFORMACAO LTDA;00.422.495/0001-47;Mensalidade UltraCar;;BOL;2100.0005 - Sistema de Gestão;A;22/12/2025;;;803,00;0,00;803,00;
28/11/2026;229;1;CAIXA ECONOMICA FEDERAL;;GIROCAIXA PRONAMPE PJ-2022 e 2023;0000000001894111;OUT;2100.0010 - Empréstimos Bancários;A;12/04/2024;;;4.197,11;0,00;4.197,11;
30/11/2026;636;1;DAS - DOCUMENTO DE ARRECADACAO DO SIMPLES NACIONAL;;DAS do Parcelamento RELPSN;Numero Parcelamento 9131;OUT;2100.0011 - Parcelamento de Impostos;A;02/05/2024;;;737,76;0,00;737,76;
30/11/2026;669;1;DAS - DOCUMENTO DE ARRECADACAO DO SIMPLES NACIONAL;;DAS de PARCSN;Parcelamento 4;OUT;2100.0011 - Parcelamento de Impostos;A;02/05/2024;;;1.106,89;0,00;1.106,89;
30/11/2026;6071;1;DAS - DOCUMENTO DE ARRECADACAO DO SIMPLES NACIONAL;;Parcelamento 4 ;;OUT;2100.0018 - Impostos;A;01/11/2025;;;1.546,15;0,00;1.546,15;
30/11/2026;6086;1;DAS - DOCUMENTO DE ARRECADACAO DO SIMPLES NACIONAL;;PGFN-SISPAR:005084117;;OUT;2100.0018 - Impostos;A;01/11/2025;;;1.250,13;0,00;1.250,13;
01/12/2026;951;1;EMBASA;;Embasa - Bella Pneus;53590910;NFE;2100.0002 - Abastecimento Água;A;08/05/2024;;;600,64;0,00;600,64;
01/12/2026;983;1;EMBASA;;Embasa - Loja;53592409;NFE;2100.0002 - Abastecimento Água;A;08/05/2024;;;131,42;0,00;131,42;
01/12/2026;1015;1;EMBASA;;Embasa - F3;53734041;NFE;2100.0002 - Abastecimento Água;A;08/05/2024;;;398,66;0,00;398,66;
01/12/2026;1047;1;EMBASA;;Embasa - Casa;53677846;NFE;2100.0002 - Abastecimento Água;A;08/05/2024;;;211,33;0,00;211,33;
03/12/2026;835;1;COELBA;;Energia - Sitio;7037148886;NFE;2100.0001 - Energia;A;08/05/2024;;;97,59;0,00;97,59;
05/12/2026;6363;1;EMBASA;;Embasa - F4;188776320;OUT;2100.0002 - Abastecimento Água;A;14/01/2026;;;155,58;0,00;155,58;
06/12/2026;803;1;COELBA;;Energia - Bella Pneus;7044321186;NFE;2100.0001 - Energia;A;08/05/2024;;;118,05;0,00;118,05;
08/12/2026;899;1;COELBA;;Energia - F3;7023933971;NFE;2100.0001 - Energia;A;08/05/2024;;;121,56;0,00;121,56;
09/12/2026;867;1;COELBA;;Energia - Loja;7067179930;NFE;2100.0001 - Energia;A;08/05/2024;;;122,29;0,00;122,29;
09/12/2026;6337;1;COELBA;;Energia - Casa;217829747;NFE;2100.0001 - Energia;A;14/01/2026;;;32,41;0,00;32,41;
10/12/2026;1079;1;EMBASA;;Embasa - Sitio;53699963;NFE;2100.0002 - Abastecimento Água;A;08/05/2024;;;39,72;0,00;39,72;
10/12/2026;5319;1;BEM PROTEGE - CLUBE DE BENEFICIOS;10.476.457/0001-20;Seguro FIAT UNO - MWF2H25;;BOL;2100.0007 - Seguros;A;11/08/2025;;;94,60;0,00;94,60;
10/12/2026;5415;1;BEM PROTEGE - CLUBE DE BENEFICIOS;10.476.457/0001-20;Seguro LOGAN- RCV1C25;;BOL;2100.0007 - Seguros;A;11/08/2025;;;143,22;0,00;143,22;
10/12/2026;6376;1;VIVO MOVEL;;Vivo - Frota;75 9 9844-2224;OUT;2100.0003 - Telefone;A;14/01/2026;;;42,20;0,00;42,20;
10/12/2026;6389;1;VIVO MOVEL;;Vivo - Guilherme;75 9 9909-2224;OUT;2100.0003 - Telefone;A;14/01/2026;;;85,12;0,00;85,12;
10/12/2026;6402;1;VIVO MOVEL;;Vivo - GPS;75 9 9924-2219;OUT;2100.0003 - Telefone;A;14/01/2026;;;36,69;0,00;36,69;
10/12/2026;6415;1;VIVO MOVEL;;Vivo - Loja;75 9 9965-1392;OUT;2100.0003 - Telefone;A;14/01/2026;;;36,69;0,00;36,69;
10/12/2026;6428;1;VIVO MOVEL;;Vivo - Caixa;75 9 9946-2242;OUT;2100.0003 - Telefone;A;14/01/2026;;;71,12;0,00;71,12;
10/12/2026;6441;1;VIVO MOVEL;;Vivo - Isabella;75 9 9858-2224;OUT;2100.0003 - Telefone;A;14/01/2026;;;61,98;0,00;61,98;
12/12/2026;6350;1;COELBA;;Energia - Casa de Nete;7079780477;OUT;2100.0001 - Energia;A;14/01/2026;;;35,25;0,00;35,25;
15/12/2026;4635;1;EMPRESA NACIONAL DOS COMERCIAN;25.187.746/0001-87;Mensalidade Rede Ancora;62428;BOL;2100.0005 - Sistema de Gestão;A;22/05/2025;;;1.792,04;0,00;1.792,04;
20/12/2026;6277;1;ULTRACAR TECNOLOGIA E INFORMACAO LTDA;00.422.495/0001-47;Mensalidade UltraCar;;BOL;2100.0005 - Sistema de Gestão;A;22/12/2025;;;803,00;0,00;803,00;
28/12/2026;230;1;CAIXA ECONOMICA FEDERAL;;GIROCAIXA PRONAMPE PJ-2022 e 2023;0000000001894111;OUT;2100.0010 - Empréstimos Bancários;A;12/04/2024;;;4.197,11;0,00;4.197,11;
30/12/2026;637;1;DAS - DOCUMENTO DE ARRECADACAO DO SIMPLES NACIONAL;;DAS do Parcelamento RELPSN;Numero Parcelamento 9131;OUT;2100.0011 - Parcelamento de Impostos;A;02/05/2024;;;737,76;0,00;737,76;
30/12/2026;670;1;DAS - DOCUMENTO DE ARRECADACAO DO SIMPLES NACIONAL;;DAS de PARCSN;Parcelamento 4;OUT;2100.0011 - Parcelamento de Impostos;A;02/05/2024;;;1.106,89;0,00;1.106,89;
30/12/2026;6072;1;DAS - DOCUMENTO DE ARRECADACAO DO SIMPLES NACIONAL;;Parcelamento 4 ;;OUT;2100.0018 - Impostos;A;01/11/2025;;;1.546,15;0,00;1.546,15;
30/12/2026;6087;1;DAS - DOCUMENTO DE ARRECADACAO DO SIMPLES NACIONAL;;PGFN-SISPAR:005084117;;OUT;2100.0018 - Impostos;A;01/11/2025;;;1.250,13;0,00;1.250,13;
05/01/2027;6364;1;EMBASA;;Embasa - F4;188776320;OUT;2100.0002 - Abastecimento Água;A;14/01/2026;;;155,58;0,00;155,58;
09/01/2027;6338;1;COELBA;;Energia - Casa;217829747;NFE;2100.0001 - Energia;A;14/01/2026;;;32,41;0,00;32,41;
10/01/2027;5320;1;BEM PROTEGE - CLUBE DE BENEFICIOS;10.476.457/0001-20;Seguro FIAT UNO - MWF2H25;;BOL;2100.0007 - Seguros;A;11/08/2025;;;94,60;0,00;94,60;
10/01/2027;5416;1;BEM PROTEGE - CLUBE DE BENEFICIOS;10.476.457/0001-20;Seguro LOGAN- RCV1C25;;BOL;2100.0007 - Seguros;A;11/08/2025;;;143,22;0,00;143,22;
10/01/2027;6377;1;VIVO MOVEL;;Vivo - Frota;75 9 9844-2224;OUT;2100.0003 - Telefone;A;14/01/2026;;;42,20;0,00;42,20;
10/01/2027;6390;1;VIVO MOVEL;;Vivo - Guilherme;75 9 9909-2224;OUT;2100.0003 - Telefone;A;14/01/2026;;;85,12;0,00;85,12;
10/01/2027;6403;1;VIVO MOVEL;;Vivo - GPS;75 9 9924-2219;OUT;2100.0003 - Telefone;A;14/01/2026;;;36,69;0,00;36,69;
10/01/2027;6416;1;VIVO MOVEL;;Vivo - Loja;75 9 9965-1392;OUT;2100.0003 - Telefone;A;14/01/2026;;;36,69;0,00;36,69;
10/01/2027;6429;1;VIVO MOVEL;;Vivo - Caixa;75 9 9946-2242;OUT;2100.0003 - Telefone;A;14/01/2026;;;71,12;0,00;71,12;
10/01/2027;6442;1;VIVO MOVEL;;Vivo - Isabella;75 9 9858-2224;OUT;2100.0003 - Telefone;A;14/01/2026;;;61,98;0,00;61,98;
12/01/2027;6351;1;COELBA;;Energia - Casa de Nete;7079780477;OUT;2100.0001 - Energia;A;14/01/2026;;;35,25;0,00;35,25;
28/01/2027;231;1;CAIXA ECONOMICA FEDERAL;;GIROCAIXA PRONAMPE PJ-2022 e 2023;0000000001894111;OUT;2100.0010 - Empréstimos Bancários;A;12/04/2024;;;4.197,11;0,00;4.197,11;
10/02/2027;5321;1;BEM PROTEGE - CLUBE DE BENEFICIOS;10.476.457/0001-20;Seguro FIAT UNO - MWF2H25;;BOL;2100.0007 - Seguros;A;11/08/2025;;;94,60;0,00;94,60;
10/02/2027;5417;1;BEM PROTEGE - CLUBE DE BENEFICIOS;10.476.457/0001-20;Seguro LOGAN- RCV1C25;;BOL;2100.0007 - Seguros;A;11/08/2025;;;143,22;0,00;143,22;
28/02/2027;232;1;CAIXA ECONOMICA FEDERAL;;GIROCAIXA PRONAMPE PJ-2022 e 2023;0000000001894111;OUT;2100.0010 - Empréstimos Bancários;A;12/04/2024;;;4.197,11;0,00;4.197,11;
10/03/2027;5322;1;BEM PROTEGE - CLUBE DE BENEFICIOS;10.476.457/0001-20;Seguro FIAT UNO - MWF2H25;;BOL;2100.0007 - Seguros;A;11/08/2025;;;94,60;0,00;94,60;
10/03/2027;5418;1;BEM PROTEGE - CLUBE DE BENEFICIOS;10.476.457/0001-20;Seguro LOGAN- RCV1C25;;BOL;2100.0007 - Seguros;A;11/08/2025;;;143,22;0,00;143,22;
10/04/2027;5323;1;BEM PROTEGE - CLUBE DE BENEFICIOS;10.476.457/0001-20;Seguro FIAT UNO - MWF2H25;;BOL;2100.0007 - Seguros;A;11/08/2025;;;94,60;0,00;94,60;
10/04/2027;5419;1;BEM PROTEGE - CLUBE DE BENEFICIOS;10.476.457/0001-20;Seguro LOGAN- RCV1C25;;BOL;2100.0007 - Seguros;A;11/08/2025;;;143,22;0,00;143,22;
10/05/2027;5324;1;BEM PROTEGE - CLUBE DE BENEFICIOS;10.476.457/0001-20;Seguro FIAT UNO - MWF2H25;;BOL;2100.0007 - Seguros;A;11/08/2025;;;94,60;0,00;94,60;
10/05/2027;5420;1;BEM PROTEGE - CLUBE DE BENEFICIOS;10.476.457/0001-20;Seguro LOGAN- RCV1C25;;BOL;2100.0007 - Seguros;A;11/08/2025;;;143,22;0,00;143,22;
10/06/2027;5325;1;BEM PROTEGE - CLUBE DE BENEFICIOS;10.476.457/0001-20;Seguro FIAT UNO - MWF2H25;;BOL;2100.0007 - Seguros;A;11/08/2025;;;94,60;0,00;94,60;
10/06/2027;5421;1;BEM PROTEGE - CLUBE DE BENEFICIOS;10.476.457/0001-20;Seguro LOGAN- RCV1C25;;BOL;2100.0007 - Seguros;A;11/08/2025;;;143,22;0,00;143,22;
10/07/2027;5326;1;BEM PROTEGE - CLUBE DE BENEFICIOS;10.476.457/0001-20;Seguro FIAT UNO - MWF2H25;;BOL;2100.0007 - Seguros;A;11/08/2025;;;94,60;0,00;94,60;
10/07/2027;5422;1;BEM PROTEGE - CLUBE DE BENEFICIOS;10.476.457/0001-20;Seguro LOGAN- RCV1C25;;BOL;2100.0007 - Seguros;A;11/08/2025;;;143,22;0,00;143,22;
10/08/2027;5327;1;BEM PROTEGE - CLUBE DE BENEFICIOS;10.476.457/0001-20;Seguro FIAT UNO - MWF2H25;;BOL;2100.0007 - Seguros;A;11/08/2025;;;94,60;0,00;94,60;
10/08/2027;5423;1;BEM PROTEGE - CLUBE DE BENEFICIOS;10.476.457/0001-20;Seguro LOGAN- RCV1C25;;BOL;2100.0007 - Seguros;A;11/08/2025;;;143,22;0,00;143,22;
10/09/2027;5328;1;BEM PROTEGE - CLUBE DE BENEFICIOS;10.476.457/0001-20;Seguro FIAT UNO - MWF2H25;;BOL;2100.0007 - Seguros;A;11/08/2025;;;94,60;0,00;94,60;
10/09/2027;5424;1;BEM PROTEGE - CLUBE DE BENEFICIOS;10.476.457/0001-20;Seguro LOGAN- RCV1C25;;BOL;2100.0007 - Seguros;A;11/08/2025;;;143,22;0,00;143,22;
10/10/2027;5329;1;BEM PROTEGE - CLUBE DE BENEFICIOS;10.476.457/0001-20;Seguro FIAT UNO - MWF2H25;;BOL;2100.0007 - Seguros;A;11/08/2025;;;94,60;0,00;94,60;
10/10/2027;5425;1;BEM PROTEGE - CLUBE DE BENEFICIOS;10.476.457/0001-20;Seguro LOGAN- RCV1C25;;BOL;2100.0007 - Seguros;A;11/08/2025;;;143,22;0,00;143,22;
10/11/2027;5330;1;BEM PROTEGE - CLUBE DE BENEFICIOS;10.476.457/0001-20;Seguro FIAT UNO - MWF2H25;;BOL;2100.0007 - Seguros;A;11/08/2025;;;94,60;0,00;94,60;
10/11/2027;5426;1;BEM PROTEGE - CLUBE DE BENEFICIOS;10.476.457/0001-20;Seguro LOGAN- RCV1C25;;BOL;2100.0007 - Seguros;A;11/08/2025;;;143,22;0,00;143,22;
10/12/2027;5331;1;BEM PROTEGE - CLUBE DE BENEFICIOS;10.476.457/0001-20;Seguro FIAT UNO - MWF2H25;;BOL;2100.0007 - Seguros;A;11/08/2025;;;94,60;0,00;94,60;
10/12/2027;5427;1;BEM PROTEGE - CLUBE DE BENEFICIOS;10.476.457/0001-20;Seguro LOGAN- RCV1C25;;BOL;2100.0007 - Seguros;A;11/08/2025;;;143,22;0,00;143,22;
10/01/2028;5332;1;BEM PROTEGE - CLUBE DE BENEFICIOS;10.476.457/0001-20;Seguro FIAT UNO - MWF2H25;;BOL;2100.0007 - Seguros;A;11/08/2025;;;94,60;0,00;94,60;
10/01/2028;5428;1;BEM PROTEGE - CLUBE DE BENEFICIOS;10.476.457/0001-20;Seguro LOGAN- RCV1C25;;BOL;2100.0007 - Seguros;A;11/08/2025;;;143,22;0,00;143,22;
10/02/2028;5333;1;BEM PROTEGE - CLUBE DE BENEFICIOS;10.476.457/0001-20;Seguro FIAT UNO - MWF2H25;;BOL;2100.0007 - Seguros;A;11/08/2025;;;94,60;0,00;94,60;
10/02/2028;5429;1;BEM PROTEGE - CLUBE DE BENEFICIOS;10.476.457/0001-20;Seguro LOGAN- RCV1C25;;BOL;2100.0007 - Seguros;A;11/08/2025;;;143,22;0,00;143,22;
10/03/2028;5334;1;BEM PROTEGE - CLUBE DE BENEFICIOS;10.476.457/0001-20;Seguro FIAT UNO - MWF2H25;;BOL;2100.0007 - Seguros;A;11/08/2025;;;94,60;0,00;94,60;
10/03/2028;5430;1;BEM PROTEGE - CLUBE DE BENEFICIOS;10.476.457/0001-20;Seguro LOGAN- RCV1C25;;BOL;2100.0007 - Seguros;A;11/08/2025;;;143,22;0,00;143,22;
10/04/2028;5335;1;BEM PROTEGE - CLUBE DE BENEFICIOS;10.476.457/0001-20;Seguro FIAT UNO - MWF2H25;;BOL;2100.0007 - Seguros;A;11/08/2025;;;94,60;0,00;94,60;
10/04/2028;5431;1;BEM PROTEGE - CLUBE DE BENEFICIOS;10.476.457/0001-20;Seguro LOGAN- RCV1C25;;BOL;2100.0007 - Seguros;A;11/08/2025;;;143,22;0,00;143,22;
10/05/2028;5336;1;BEM PROTEGE - CLUBE DE BENEFICIOS;10.476.457/0001-20;Seguro FIAT UNO - MWF2H25;;BOL;2100.0007 - Seguros;A;11/08/2025;;;94,60;0,00;94,60;
10/05/2028;5432;1;BEM PROTEGE - CLUBE DE BENEFICIOS;10.476.457/0001-20;Seguro LOGAN- RCV1C25;;BOL;2100.0007 - Seguros;A;11/08/2025;;;143,22;0,00;143,22;
10/06/2028;5337;1;BEM PROTEGE - CLUBE DE BENEFICIOS;10.476.457/0001-20;Seguro FIAT UNO - MWF2H25;;BOL;2100.0007 - Seguros;A;11/08/2025;;;94,60;0,00;94,60;
10/06/2028;5433;1;BEM PROTEGE - CLUBE DE BENEFICIOS;10.476.457/0001-20;Seguro LOGAN- RCV1C25;;BOL;2100.0007 - Seguros;A;11/08/2025;;;143,22;0,00;143,22;
10/07/2028;5338;1;BEM PROTEGE - CLUBE DE BENEFICIOS;10.476.457/0001-20;Seguro FIAT UNO - MWF2H25;;BOL;2100.0007 - Seguros;A;11/08/2025;;;94,60;0,00;94,60;
10/07/2028;5434;1;BEM PROTEGE - CLUBE DE BENEFICIOS;10.476.457/0001-20;Seguro LOGAN- RCV1C25;;BOL;2100.0007 - Seguros;A;11/08/2025;;;143,22;0,00;143,22;
10/08/2028;5339;1;BEM PROTEGE - CLUBE DE BENEFICIOS;10.476.457/0001-20;Seguro FIAT UNO - MWF2H25;;BOL;2100.0007 - Seguros;A;11/08/2025;;;94,60;0,00;94,60;
10/08/2028;5435;1;BEM PROTEGE - CLUBE DE BENEFICIOS;10.476.457/0001-20;Seguro LOGAN- RCV1C25;;BOL;2100.0007 - Seguros;A;11/08/2025;;;143,22;0,00;143,22;
10/09/2028;5340;1;BEM PROTEGE - CLUBE DE BENEFICIOS;10.476.457/0001-20;Seguro FIAT UNO - MWF2H25;;BOL;2100.0007 - Seguros;A;11/08/2025;;;94,60;0,00;94,60;
10/09/2028;5436;1;BEM PROTEGE - CLUBE DE BENEFICIOS;10.476.457/0001-20;Seguro LOGAN- RCV1C25;;BOL;2100.0007 - Seguros;A;11/08/2025;;;143,22;0,00;143,22;
10/10/2028;5341;1;BEM PROTEGE - CLUBE DE BENEFICIOS;10.476.457/0001-20;Seguro FIAT UNO - MWF2H25;;BOL;2100.0007 - Seguros;A;11/08/2025;;;94,60;0,00;94,60;
10/10/2028;5437;1;BEM PROTEGE - CLUBE DE BENEFICIOS;10.476.457/0001-20;Seguro LOGAN- RCV1C25;;BOL;2100.0007 - Seguros;A;11/08/2025;;;143,22;0,00;143,22;
10/11/2028;5342;1;BEM PROTEGE - CLUBE DE BENEFICIOS;10.476.457/0001-20;Seguro FIAT UNO - MWF2H25;;BOL;2100.0007 - Seguros;A;11/08/2025;;;94,60;0,00;94,60;
10/11/2028;5438;1;BEM PROTEGE - CLUBE DE BENEFICIOS;10.476.457/0001-20;Seguro LOGAN- RCV1C25;;BOL;2100.0007 - Seguros;A;11/08/2025;;;143,22;0,00;143,22;
10/12/2028;5343;1;BEM PROTEGE - CLUBE DE BENEFICIOS;10.476.457/0001-20;Seguro FIAT UNO - MWF2H25;;BOL;2100.0007 - Seguros;A;11/08/2025;;;94,60;0,00;94,60;
10/12/2028;5439;1;BEM PROTEGE - CLUBE DE BENEFICIOS;10.476.457/0001-20;Seguro LOGAN- RCV1C25;;BOL;2100.0007 - Seguros;A;11/08/2025;;;143,22;0,00;143,22;
10/01/2029;5344;1;BEM PROTEGE - CLUBE DE BENEFICIOS;10.476.457/0001-20;Seguro FIAT UNO - MWF2H25;;BOL;2100.0007 - Seguros;A;11/08/2025;;;94,60;0,00;94,60;
10/01/2029;5440;1;BEM PROTEGE - CLUBE DE BENEFICIOS;10.476.457/0001-20;Seguro LOGAN- RCV1C25;;BOL;2100.0007 - Seguros;A;11/08/2025;;;143,22;0,00;143,22;
10/02/2029;5345;1;BEM PROTEGE - CLUBE DE BENEFICIOS;10.476.457/0001-20;Seguro FIAT UNO - MWF2H25;;BOL;2100.0007 - Seguros;A;11/08/2025;;;94,60;0,00;94,60;
10/02/2029;5441;1;BEM PROTEGE - CLUBE DE BENEFICIOS;10.476.457/0001-20;Seguro LOGAN- RCV1C25;;BOL;2100.0007 - Seguros;A;11/08/2025;;;143,22;0,00;143,22;
10/03/2029;5346;1;BEM PROTEGE - CLUBE DE BENEFICIOS;10.476.457/0001-20;Seguro FIAT UNO - MWF2H25;;BOL;2100.0007 - Seguros;A;11/08/2025;;;94,60;0,00;94,60;
10/03/2029;5442;1;BEM PROTEGE - CLUBE DE BENEFICIOS;10.476.457/0001-20;Seguro LOGAN- RCV1C25;;BOL;2100.0007 - Seguros;A;11/08/2025;;;143,22;0,00;143,22;
10/04/2029;5347;1;BEM PROTEGE - CLUBE DE BENEFICIOS;10.476.457/0001-20;Seguro FIAT UNO - MWF2H25;;BOL;2100.0007 - Seguros;A;11/08/2025;;;94,60;0,00;94,60;
10/04/2029;5443;1;BEM PROTEGE - CLUBE DE BENEFICIOS;10.476.457/0001-20;Seguro LOGAN- RCV1C25;;BOL;2100.0007 - Seguros;A;11/08/2025;;;143,22;0,00;143,22;
10/05/2029;5348;1;BEM PROTEGE - CLUBE DE BENEFICIOS;10.476.457/0001-20;Seguro FIAT UNO - MWF2H25;;BOL;2100.0007 - Seguros;A;11/08/2025;;;94,60;0,00;94,60;
10/05/2029;5444;1;BEM PROTEGE - CLUBE DE BENEFICIOS;10.476.457/0001-20;Seguro LOGAN- RCV1C25;;BOL;2100.0007 - Seguros;A;11/08/2025;;;143,22;0,00;143,22;
10/06/2029;5349;1;BEM PROTEGE - CLUBE DE BENEFICIOS;10.476.457/0001-20;Seguro FIAT UNO - MWF2H25;;BOL;2100.0007 - Seguros;A;11/08/2025;;;94,60;0,00;94,60;
10/06/2029;5445;1;BEM PROTEGE - CLUBE DE BENEFICIOS;10.476.457/0001-20;Seguro LOGAN- RCV1C25;;BOL;2100.0007 - Seguros;A;11/08/2025;;;143,22;0,00;143,22;
10/07/2029;5350;1;BEM PROTEGE - CLUBE DE BENEFICIOS;10.476.457/0001-20;Seguro FIAT UNO - MWF2H25;;BOL;2100.0007 - Seguros;A;11/08/2025;;;94,60;0,00;94,60;
10/07/2029;5446;1;BEM PROTEGE - CLUBE DE BENEFICIOS;10.476.457/0001-20;Seguro LOGAN- RCV1C25;;BOL;2100.0007 - Seguros;A;11/08/2025;;;143,22;0,00;143,22;
